time,Control,High_level,Expectation,Activity,robogame/imu_state.linear_acc.x,robogame/imu_state.linear_acc.y,robogame/imu_state.linear_acc.z,robogame/imu_state.gyro.z,robogame/imu_state.gyro.x,robogame/imu_state.gyro.y,/kinect_features/.ci,/kinect_features/.distance,/kinect_features/.proximity
0,Low,Walking,Medium,Medium,2742,-507,-1940,6,33,81,0.3406262398,1.4455002546,0.6787776947
0,Low,Walking,Medium,Medium,2742,-507,-1940,6,33,81,0.3406262398,1.4455002546,0.6787776947
0.0498132706,Low,Walking,Medium,Medium,3390,-999,201,5,37,61,,,
0.0669631958,Low,Walking,Medium,Medium,,,,,,,0.3679826856,1.4625982046,0.674978137
0.0905072689,Low,Walking,Medium,Medium,3904,-1443,2501,0,2,47,,,
0.1354062557,Low,Walking,Medium,Medium,,,,,,,0.4513086379,1.4638515711,0.6746996641
0.1355264187,Low,Walking,Medium,Medium,3273,-1313,979,-13,9,40,,,
0.1809232235,Low,Walking,Medium,Medium,3534,-1359,425,-25,26,39,,,
0.2002565861,Low,Walking,Medium,Medium,,,,,,,0.4850593209,1.4756650925,0.6720744371
0.2293629646,Low,Walking,Medium,Medium,4232,-824,1034,-33,3,43,,,
0.2704327106,Low,Walking,Medium,Medium,2199,4185,36,-30,-12,78,,,
0.2730505466,Low,Walking,Medium,Medium,,,,,,,0.4664982259,1.4721471071,0.6728562117
0.3158707619,Low,Walking,Medium,Medium,2035,5795,191,37,31,49,,,
0.3346784115,Low,Walking,Medium,Medium,,,,,,,0.4242307544,1.4503167868,0.6777073741
0.3603620529,Low,Walking,Medium,Medium,2356,3404,1797,45,45,59,,,
0.4134485722,Low,Walking,Medium,Medium,,,,,,,0.4197757244,1.4412386417,0.6797247529
0.4223508835,Low,Walking,Medium,Medium,3594,2058,2595,7,-7,89,,,
0.4506485462,Low,Walking,Medium,Medium,2054,3162,188,5,4,111,,,
0.4869682789,Low,Walking,Medium,Medium,,,,,,,0.3714742661,1.425455451,0.6832321286
0.4955470562,Low,Walking,Medium,Medium,1907,2706,-1737,16,34,80,,,
0.5415444374,Low,Walking,Medium,Medium,2128,497,-2403,-2,19,72,,,
0.5514349937,Low,Walking,Medium,Medium,,,,,,,0.4143465161,1.4193671942,0.6845850945
0.5857872963,Low,Walking,Medium,Medium,2171,-165,-3473,-12,25,89,,,
0.6194326878,Low,Walking,Medium,Medium,,,,,,,0.4229691923,1.3977837563,0.689381361
0.6310851574,Low,Walking,Medium,Medium,3196,198,-1964,-10,57,84,,,
0.6769287586,Low,Walking,Medium,Medium,5883,2316,4254,-1,27,65,,,
0.6808700562,Low,Walking,Medium,Medium,,,,,,,0.3794616759,1.3559542894,0.6986768246
0.7220230103,Low,Walking,Medium,Medium,6001,2704,6699,13,-29,27,,,
0.7512054443,Low,Walking,Medium,Medium,,,,,,,0.3505114913,1.2636573315,0.7191872597
0.7714054585,Low,Walking,Medium,Medium,4175,1265,4334,-12,-48,32,,,
0.80991292,Low,Walking,Medium,Medium,,,,,,,0.3437460959,1.1556411982,0.7431908846
0.8115792274,Low,Walking,Medium,Medium,-2253,2636,1067,-38,-19,97,,,
0.8601796627,Low,Walking,Medium,Medium,-3849,4686,-918,-32,-18,26,,,
0.8748235703,Low,Walking,Medium,Medium,,,,,,,0.3290205002,1.1270216703,0.7495507002
0.9103114605,Low,Walking,Medium,Medium,-2485,6385,965,-15,-23,-6,,,
0.9444262981,Low,Walking,Medium,Medium,,,,,,,0.3190643489,1.090860486,0.7575865388
0.9513604641,Low,Walking,Medium,Medium,-254,3452,405,-13,-7,32,,,
0.9916474819,Low,Walking,Medium,Medium,1367,2640,-311,-13,-16,13,,,
1.016283989,Low,Walking,Medium,Medium,,,,,,,0.3915396333,1.0902912617,0.7577130795
1.0374484062,Low,Walking,Medium,Medium,1660,2471,-1770,-12,-25,6,,,
1.0815038681,Low,Walking,Medium,Medium,1397,2324,-2918,-3,-5,7,,,
1.0871353149,Low,Walking,Medium,Medium,,,,,,,0.3948039412,1.0625100136,0.7638866901
1.1266992092,Low,Walking,Medium,Medium,1957,2240,-2297,-8,1,14,,,
1.1547534466,Low,Walking,Medium,Medium,,,,,,,0.4143730104,1.0169649124,0.7740077972
1.1724841595,Low,Walking,Medium,Medium,1908,2331,162,-22,-16,14,,,
1.2170994282,Low,Walking,Medium,Medium,1771,2775,2039,-30,-18,-1,,,
1.2276017666,Low,Walking,Medium,Medium,,,,,,,0.4233320355,0.9532060027,0.7881764174
1.2614295483,Low,Walking,Medium,Medium,1887,3418,2225,-21,-21,2,,,
1.3069822788,Low,Walking,Medium,Medium,2289,2777,2149,-21,-25,-2,,,
1.321526289,Low,Walking,Medium,Medium,,,,,,,0.4135731757,0.8810757995,0.804205358
1.3519644737,Low,Walking,Medium,Medium,-1240,3097,3147,-32,-49,25,,,
1.3958497047,Low,Walking,Medium,Medium,,,,,,,0.3575898409,0.7109617591,0.8420084715
1.3967151642,Low,Walking,Medium,Medium,-5019,2298,-56,-8,-10,16,,,
1.4428658485,Low,Walking,Medium,Medium,-3214,1658,-313,1,24,-27,,,
1.4867808819,Low,Walking,Medium,Medium,-3036,2155,2614,3,34,-6,,,
1.4912507534,Low,Walking,Medium,Medium,,,,,,,0.3215690255,0.6359654665,0.8586743474
1.5324907303,Low,Walking,Medium,Medium,-2585,3040,1864,21,25,-6,,,
1.5755095482,Low,Walking,Medium,Medium,,,,,,,0.2159889489,0.3302651942,0.926607728
1.5781273842,Low,Walking,Medium,Medium,-1047,2991,-637,27,39,-2,,,
1.6224942207,Low,Walking,Medium,Medium,203,3101,-1050,23,28,11,,,
1.630718708,Low,Walking,Medium,Medium,,,,,,,0.2159889489,0,1
1.6669929028,Low,Walking,Medium,Medium,757,3070,-1010,18,11,39,,,
1.6879301071,Low,Walking,Medium,Medium,,,,,,,0.5823459625,0.5547471046,0.8767228723
1.7123839855,Low,Walking,Medium,Medium,130,2722,-1454,8,0,69,,,
1.7452414036,Low,Walking,Medium,Medium,,,,,,,0.8288958669,0.5304389,0.8821246624
1.7577161789,Low,Walking,Medium,Medium,-386,1872,-1134,4,3,61,,,
1.801170826,Low,Walking,Medium,Medium,,,,,,,0.849426806,0.5181705356,0.8848509789
1.8022415638,Low,Walking,Medium,Medium,-368,1892,-302,11,6,66,,,
1.8520941734,Low,Walking,Medium,Medium,-330,2071,1708,-6,15,52,,,
1.8612480164,Low,Walking,Medium,Medium,,,,,,,0.8972739577,0.4681836963,0.8959591985
1.8928084373,Low,Walking,Medium,Medium,-1196,1847,2665,10,16,39,,,
1.9015247822,Low,Walking,Medium,Medium,,,,,,,0,0,0
1.9387009144,Low,Inactive,Medium,Medium,403,2417,800,14,29,-20,,,
1.96190238,Low,Inactive,Medium,Medium,,,,,,,0,0,0
1.982478857,Low,Inactive,Medium,Medium,344,2984,-1098,6,23,-1,,,
2.001155138,Low,Inactive,Medium,Medium,,,,,,,0,0,0
2.0233457088,Low,Inactive,Medium,Medium,-320,4008,-2747,5,16,13,,,
2.0587215424,Low,Inactive,Medium,Medium,,,,,,,0,0,0
2.0685961246,Low,Inactive,Medium,Medium,-878,4376,-1164,-7,19,28,,,
2.0979845524,Low,Inactive,Medium,Medium,,,,,,,0,0,0
2.1138656139,Low,Inactive,Medium,Medium,-1054,3141,3416,9,20,42,,,
2.1581838131,Low,Inactive,Medium,Medium,,,,,,,0,0,0
2.1632657051,Low,Inactive,Medium,Medium,1380,2286,3714,11,-25,-24,,,
2.221095562,Low,Inactive,Medium,Medium,1287,1723,741,-8,-6,-10,,,
2.225612402,Low,Inactive,Medium,Medium,,,,,,,0,0,0
2.2649381161,Low,Inactive,Medium,Medium,533,1806,-583,-12,4,-7,,,
2.2958364487,Low,Inactive,Medium,Medium,,,,,,,0,0,0
2.3102831841,Low,Inactive,Medium,Medium,-31,1651,-167,-5,7,-35,,,
2.3552796841,Low,Inactive,Medium,Medium,88,1689,713,-8,-6,-28,,,
2.3603470325,Low,Inactive,Medium,Medium,,,,,,,0,0,0
2.4001722336,Low,Inactive,Medium,Medium,391,1285,1024,-13,-10,-23,,,
2.4277834892,Low,Inactive,Medium,Medium,,,,,,,0,0,0
2.4454357624,Low,Inactive,Medium,Medium,1075,1111,404,-13,-5,-24,,,
2.4942383766,Low,Inactive,Medium,Medium,,,,,,,0,0,0
2.4944221973,Low,Inactive,Medium,Medium,1388,1072,555,-24,-14,-28,,,
2.5353512764,Low,Inactive,Medium,Medium,1101,785,1200,-27,-15,-32,,,
2.5597820282,Low,Inactive,Medium,Medium,,,,,,,0,0,0
2.5808410645,Low,Inactive,Medium,Medium,795,609,1235,-20,-6,-48,,,
2.6255710125,Low,Inactive,Medium,Medium,504,712,539,-21,-9,-52,,,
2.6283259392,Low,Inactive,Medium,Medium,,,,,,,0,0,0
2.6759881973,Low,Inactive,Medium,Medium,585,1013,560,-22,-1,-63,,,
2.6928770542,Low,Inactive,Medium,Medium,,,,,,,0,0,0
2.7202272415,Low,Inactive,Medium,Medium,653,951,1246,-20,-7,-67,,,
2.7607858181,Low,Inactive,Medium,Medium,253,763,1174,-22,-9,-68,,,
2.7628386021,Low,Inactive,Medium,Medium,,,,,,,0,0,0
2.8107967377,Low,Inactive,Medium,Medium,166,973,609,-19,1,-73,,,
2.8291041851,Low,Inactive,Medium,Medium,,,,,,,0,0,0
2.8508551121,Low,Inactive,Medium,Medium,536,942,384,-12,5,-78,,,
2.8949406147,Low,Inactive,Medium,Medium,,,,,,,0,0,0
2.9122941494,Low,Inactive,Medium,Medium,821,1028,589,-9,6,-69,,,
2.9571752548,Low,Inactive,Medium,Medium,1106,1214,1008,1,13,-58,,,
2.959839344,Low,Inactive,Medium,Medium,,,,,,,0,0,0
3.0023083687,Low,Inactive,Medium,Medium,1206,1390,1190,5,4,-36,,,
3.0314350128,Low,Inactive,Medium,Medium,,,,,,,0.5153061152,0.4637291133,0.8969490528
3.0477697849,Low,Inactive,Medium,Medium,897,1048,797,7,11,-21,,,
3.0925066471,Low,Inactive,Medium,Medium,1129,484,1330,16,19,-11,,,
3.0969743729,Low,Inactive,Medium,Medium,,,,,,,0.443574816,1.7007043362,0.6220656633
3.1422584057,Low,Inactive,Medium,Medium,1462,391,1562,15,11,18,,,
3.1591703892,Low,Inactive,Medium,Medium,,,,,,,0,0,0
3.1827635765,Low,Inactive,Medium,Medium,1646,176,1225,21,20,19,,,
3.2274975777,Low,Inactive,Medium,Medium,2480,-1040,1336,13,12,3,,,
3.2317726612,Low,Inactive,Medium,Medium,,,,,,,0.6712883711,0.5731874704,0.8726249933
3.2812008858,Low,Inactive,Medium,Medium,2280,-1161,1650,-1,-16,18,,,
3.295388937,Low,Inactive,Medium,Medium,,,,,,,0,0,0
3.318510294,Low,Inactive,Medium,Medium,1613,-351,481,-1,-3,15,,,
3.3585953712,Low,Inactive,Medium,Medium,1846,-189,249,-5,8,1,,,
3.3624582291,Low,Inactive,Medium,Medium,,,,,,,0,0,0
3.4084925652,Low,Inactive,Medium,Medium,1936,229,500,-4,9,4,,,
3.430917263,Low,Inactive,Medium,Medium,,,,,,,0.4606941044,0.5214048028,0.884132266
3.4487633705,Low,Inactive,Medium,Medium,1664,732,607,-6,9,20,,,
3.4937901497,Low,Inactive,Medium,Medium,1570,1053,1071,-5,10,6,,,
3.4979441166,Low,Inactive,Medium,Medium,,,,,,,0.4760721922,0.4996010363,0.8889775276
3.539706707,Low,Transient,Medium,Medium,1689,1172,1069,-1,6,1,,,
3.5733458996,Low,Transient,Medium,Medium,,,,,,,0.7660585046,0.5299004912,0.8822443485
3.5844082832,Low,Transient,Medium,Medium,1812,1319,414,1,5,7,,,
3.6289160252,Low,Transient,Medium,Medium,1969,1465,235,2,12,10,,,
3.6335911751,Low,Transient,Medium,Medium,,,,,,,0.5490862727,0.4929801226,0.8904488683
3.6744463444,Low,Transient,Medium,Medium,2037,1150,2296,5,1,5,,,
3.7024466991,Low,Transient,Medium,Medium,,,,,,,0.5905260444,0.5307703018,0.8820510507
3.7193646431,Low,Transient,Medium,Medium,733,318,2706,9,-19,10,,,
3.7727046013,Low,Transient,Medium,Medium,274,-704,1066,16,-2,-9,,,
3.7755930424,Low,Transient,Medium,Medium,,,,,,,0.5404977202,0.498750329,0.8891665936
3.8102369308,Low,Transient,Medium,Medium,-153,-1885,725,9,9,-12,,,
3.8289093971,Low,Transient,Medium,Medium,,,,,,,0,0,0
3.8543262482,Low,Transient,Medium,Medium,305,-2260,704,3,14,4,,,
3.9000537395,Low,Transient,Medium,Medium,,,,,,,0.348941654,0.5216726661,0.884072721
3.9037353992,Low,Transient,Medium,Medium,1203,-1894,709,-3,4,-6,,,
3.9455726147,Low,Transient,Medium,Medium,991,-1970,392,-7,9,-20,,,
3.9680938721,Low,Transient,Medium,Medium,,,,,,,0.4136976898,0.551402688,0.8774660826
3.9894771576,Low,Transient,Medium,Medium,1125,-2132,321,-10,20,-10,,,
4.0396618843,Low,Transient,Medium,Medium,1018,-1593,857,-20,4,-10,,,
4.043892622,Low,Transient,Medium,Medium,,,,,,,0.2442611605,0.5450739264,0.8788724542
4.0844228268,Low,Transient,Medium,Medium,825,-764,1049,-12,7,-10,,,
4.1202921867,Low,Transient,Medium,Medium,,,,,,,0.2688451111,0.6255479455,0.8609893322
4.1412415504,Low,Transient,Medium,Medium,1021,-969,1458,-9,-1,-28,,,
4.1861071587,Low,Transient,Medium,Medium,632,-1200,838,-14,-8,-28,,,
4.1886372566,Low,Transient,Medium,Medium,,,,,,,0.2825682759,0.6831797957,0.848182261
4.2314445972,Low,Transient,Medium,Medium,649,-666,463,-13,-8,-25,,,
4.2637133598,Low,Transient,Medium,Medium,,,,,,,0.2320217937,0.6831350327,0.848192215
4.2767169476,Low,Transient,Medium,Medium,589,-230,411,-8,-3,-25,,,
4.3251757622,Low,Transient,Medium,Medium,633,31,372,-5,0,-32,,,
4.3262090683,Low,Transient,Medium,Medium,,,,,,,0.1772348434,0.6818239689,0.8484835625
4.3662092686,Low,Transient,Medium,Medium,610,-186,694,-8,-1,-28,,,
4.3907749653,Low,Transient,Medium,Medium,,,,,,,0.1999914646,0.6873587966,0.8472536206
4.4114041328,Low,Transient,Medium,Medium,367,-390,1073,-12,-5,-23,,,
4.4563062191,Low,Transient,Medium,Medium,638,-424,889,-10,-2,-26,,,
4.4583201408,Low,Transient,Medium,Medium,,,,,,,0.1792590618,0.6638260484,0.8524830937
4.506606102,Medium,Transient,High,Low,758,-494,146,-7,-9,-23,,,
4.525384903,Medium,Transient,High,Low,,,,,,,0.1545300484,0.6591472626,0.8535228372
4.5466060638,Medium,Transient,High,Low,859,-623,-421,0,7,-37,,,
4.5915727615,Medium,Transient,High,Low,1065,-1008,507,1,9,-18,,,
4.5924155712,Medium,Transient,High,Low,,,,,,,0.2966380417,0.670635879,0.8509697914
4.6368637085,Medium,Transient,High,Low,713,-1128,1987,-5,-4,-4,,,
4.6625974178,Medium,Transient,High,Low,,,,,,,0.2423118204,0.6250472069,0.8611006141
4.6817600727,Medium,Transient,High,Low,303,20,2622,-6,-20,17,,,
4.7265310287,Medium,Transient,High,Low,951,851,1257,-5,3,9,,,
4.7283320427,Medium,Transient,High,Low,,,,,,,0.1882697791,0.5532806516,0.8770487309
4.776706934,Medium,Transient,High,Low,895,1055,1245,-6,-9,2,,,
4.7976448536,Medium,Transient,High,Low,,,,,,,0.183491081,0.5444629788,0.8790082335
4.8172163963,Medium,Transient,High,Low,921,902,578,1,6,3,,,
4.8618447781,Medium,Transient,High,Low,1937,65,349,-2,14,-5,,,
4.8829629421,Medium,Transient,High,Low,,,,,,,0.2591887414,0.5317053795,0.8818432689
4.9071629047,Medium,Transient,High,Low,1588,443,796,-5,1,-2,,,
4.952331543,Medium,Transient,High,Low,1486,692,932,0,-2,-9,,,
4.9571399689,Medium,Transient,High,Low,,,,,,,0.1569188237,0.537355423,0.880587697
4.9970588684,Medium,Transient,High,Low,1435,219,690,1,-8,-12,,,
5.0237793922,Medium,Transient,High,Low,,,,,,,0.1896033585,0.5107007623,0.8865109682
5.042314291,Medium,Transient,High,Low,1407,405,-122,6,-8,-11,,,
5.0847346783,Medium,Transient,High,Low,,,,,,,0.3205279708,0.5307611823,0.8820530772
5.0871930122,Medium,Transient,High,Low,157,537,855,2,-8,-4,,,
5.1322894096,Medium,Transient,High,Low,-874,-130,1467,10,8,-12,,,
5.1566243172,Medium,Transient,High,Low,,,,,,,0.3414131105,0.5430056453,0.8793320656
5.1774587631,Medium,Transient,High,Low,108,-1462,1147,0,-4,-24,,,
5.2190737724,Medium,Transient,High,Low,,,,,,,0.3480107784,0.5163323283,0.8852595091
5.2222621441,Medium,Transient,High,Low,-281,-1194,552,-11,3,17,,,
5.2672140598,Medium,Transient,High,Low,-238,-1126,336,-7,8,11,,,
5.2926254272,Medium,Transient,High,Low,,,,,,,0.3193468153,0.4581573606,0.8981872797
5.3128695488,Medium,Transient,High,Low,-649,-1310,114,-7,7,4,,,
5.3415942192,Medium,Transient,High,Low,,,,,,,0.3193468153,0,1
5.3576424122,Medium,Transient,High,Low,-674,-1196,241,-8,17,22,,,
5.3972575665,Medium,Transient,High,Low,,,,,,,0.3193468153,0,1
5.4024574757,Medium,Transient,High,Low,-301,-1377,454,-6,8,13,,,
5.4442210197,Medium,Blocking,High,Low,,,,,,,0.3193468153,0,1
5.447753191,Medium,Blocking,High,Low,-514,-1411,217,-6,14,7,,,
5.4933593273,Medium,Blocking,High,Low,-607,-1655,1096,-8,6,12,,,
5.5210330486,Medium,Blocking,High,Low,,,,,,,0.5179230571,0.5685530305,0.873654902
5.5397696495,Medium,Blocking,High,Low,-1036,-1161,590,-1,1,11,,,
5.5828559399,Medium,Blocking,High,Low,-908,-678,-143,8,8,22,,,
5.5838041306,Medium,Blocking,High,Low,,,,,,,0.5262333155,0.568339169,0.8737024069
5.6281142235,Medium,Blocking,High,Low,-523,-341,-825,5,26,28,,,
5.6542875767,Medium,Blocking,High,Low,,,,,,,0.6470491886,0.5683982968,0.8736892939
5.6728720665,Medium,Blocking,High,Low,-251,1064,177,-5,45,56,,,
5.7127120495,Medium,Blocking,High,Low,,,,,,,0.6906582117,0.5684714317,0.8736730218
5.7301485538,Medium,Blocking,High,Low,3295,2550,1527,1,44,27,,,
5.772330761,Medium,Blocking,High,Low,,,,,,,0.7429261804,0.5683440566,0.873701334
5.7758274078,Medium,Blocking,High,Low,4216,3690,1678,15,18,8,,,
5.8247077465,Medium,Blocking,High,Low,3613,3907,528,2,14,24,,,
5.8375897408,Medium,Blocking,High,Low,,,,,,,0.7566142082,0.5630031228,0.8748881817
5.8652341366,Medium,Blocking,High,Low,3044,2691,1580,11,26,20,,,
5.9005832672,Medium,Blocking,High,Low,,,,,,,0.6550299525,0.4535769522,0.8992050886
5.9111075401,Medium,Blocking,High,Low,4306,2697,3125,11,17,11,,,
5.9471492767,Medium,Blocking,High,Low,,,,,,,0.5628609061,0.5254414678,0.8832352161
5.9559144974,Medium,Blocking,High,Low,4659,2037,2702,-1,1,-10,,,
6.003059864,High,Blocking,High,Medium,,,,,,,0.7401412129,0.5101915598,0.8866240978
6.005261898,High,Blocking,High,Medium,3033,1681,1199,11,-15,-6,,,
6.0577812195,High,Blocking,High,Medium,3148,1577,-343,-6,-5,-40,,,
6.0618860722,High,Blocking,High,Medium,,,,,,,0,0,0
6.0945854187,High,Blocking,High,Medium,2752,2972,-1620,5,12,-25,,,
6.0992057323,High,Blocking,High,Medium,,,,,,,0,0,0
6.1401698589,High,Blocking,High,Medium,3067,2851,-2372,-7,11,-7,,,
6.1615757942,High,Blocking,High,Medium,,,,,,,0,0,0
6.1813621521,High,Blocking,High,Medium,3511,3722,1626,-43,21,40,,,
6.199103117,High,Blocking,High,Medium,,,,,,,0,0,0
6.2256536484,High,Blocking,High,Medium,4090,1530,7612,5,4,-36,,,
6.2718470097,High,Blocking,High,Medium,2397,336,4989,9,-49,-71,,,
6.2974202633,High,Blocking,High,Medium,,,,,,,0,0,0
6.316341877,High,Blocking,High,Medium,691,1895,-1634,9,-35,-65,,,
6.3601045609,High,Blocking,High,Medium,,,,,,,0,0,0
6.361328125,High,Blocking,High,Medium,-723,697,-3552,16,10,-54,,,
6.4066283703,High,Blocking,High,Medium,-3049,-2630,-773,2,22,-13,,,
6.4302325249,High,Blocking,High,Medium,,,,,,,0.6150850654,0.526229322,0.8830601573
6.4514255524,High,Blocking,High,Medium,-2236,-3416,575,-5,8,-14,,,
6.4923951626,High,Blocking,High,Medium,,,,,,,0.6150850654,0.5156729817,0.8854060173
6.4964189529,High,Blocking,High,Medium,-408,-2474,455,-12,-12,-51,,,
6.5418293476,High,Blocking,High,Medium,-284,-1261,-488,-10,-10,-29,,,
6.5638251305,High,Blocking,High,Medium,,,,,,,0.7528626323,0.5338894129,0.8813579082
6.5862729549,High,Blocking,High,Medium,-255,-921,-987,-3,-1,-21,,,
6.631193161,High,Blocking,High,Medium,153,-504,-946,2,-12,-13,,,
6.6355581284,High,Blocking,High,Medium,,,,,,,0.6353779435,0.4469158649,0.90068537
6.6773846149,High,Blocking,High,Medium,618,306,-179,0,-19,8,,,
6.7024827003,High,Blocking,High,Medium,,,,,,,0.5606575608,0.5274159908,0.8827964664
6.7213864326,High,Blocking,High,Medium,1277,385,-183,5,-18,19,,,
6.7663507462,High,Blocking,High,Medium,1428,-889,-950,-8,-18,-17,,,
6.7757070065,High,Blocking,High,Medium,,,,,,,0.5313879251,0.5313882828,0.8819137216
6.811609745,High,Blocking,High,Medium,-717,-1894,203,-23,0,-29,,,
6.8564660549,High,Blocking,High,Medium,266,-1218,1787,-11,13,-36,,,
6.9068212509,High,Blocking,High,Medium,1899,-721,947,-5,-6,-51,,,
6.9115970135,High,Blocking,High,Medium,,,,,,,0.2883214355,0.5561802983,0.8764044046
6.9466845989,High,Blocking,High,Medium,709,-665,358,-6,-7,-34,,,
6.9823477268,High,Blocking,High,Medium,,,,,,,0.3638849258,0.5858534575,0.8698103428
6.9918444157,High,Blocking,High,Medium,-707,664,2099,0,-8,-34,,,
7.0370419025,High,Blocking,High,Medium,-115,-204,3371,23,-25,-36,,,
7.0522675514,High,Blocking,High,Medium,,,,,,,0.3748799562,0.63789469,0.8582456112
7.0820879936,High,Blocking,High,Medium,-1265,-1738,490,2,-29,-40,,,
7.1204307079,High,Blocking,High,Medium,,,,,,,0.3918141425,0.6390915513,0.8579796553
7.1272408962,High,Blocking,High,Medium,-1458,-2324,-754,-6,14,-22,,,
7.1734454632,High,Blocking,High,Medium,-575,-2012,-181,-11,-9,-39,,,
7.1894752979,High,Blocking,High,Medium,,,,,,,0.3580214083,0.6720796824,0.8506489396
7.2212445736,High,Inactive,High,Medium,-1233,-1628,-385,-14,2,-33,,,
7.2568848133,High,Inactive,High,Medium,,,,,,,0.3467799425,0.679840982,0.8489242196
7.2620306015,High,Inactive,High,Medium,-1591,-1282,-44,-19,20,-20,,,
7.3072474003,High,Inactive,High,Medium,-362,-1629,1142,-13,-1,-33,,,
7.3258149624,High,Inactive,High,Medium,,,,,,,0.354133755,0.6860795617,0.8475378752
7.3524940014,High,Inactive,High,Medium,-97,-1339,1031,-5,-12,-31,,,
7.3970878124,High,Inactive,High,Medium,-264,-1238,658,-5,-7,-13,,,
7.3984723091,High,Inactive,High,Medium,,,,,,,0.3722726107,0.6935073137,0.8458872437
7.4431705475,High,Inactive,High,Medium,-302,-1480,395,-8,-5,-5,,,
7.4864315987,High,Inactive,High,Medium,,,,,,,0.4059453011,0.6907436848,0.84650141
7.4873230457,High,Inactive,High,Medium,-164,-1217,673,-6,-5,15,,,
7.53267169,High,Inactive,High,Medium,-401,-1100,1415,-1,-4,12,,,
7.5610921383,High,Inactive,High,Medium,,,,,,,0.4234105349,0.6882393956,0.8470579386
7.5782692432,High,Inactive,High,Medium,-257,-1046,1027,-2,-6,5,,,
7.6223433018,High,Inactive,High,Medium,-206,-1312,410,-3,0,-3,,,
7.6284425259,High,Inactive,High,Medium,,,,,,,0.4184775352,0.6842361689,0.8479475379
7.6675024033,High,Inactive,High,Medium,-218,-1424,672,-3,5,-14,,,
7.6978895664,High,Inactive,High,Medium,,,,,,,0.4013181329,0.6760672927,0.8497627974
7.7248084545,High,Inactive,High,Medium,-93,-1277,899,-7,2,-20,,,
7.7703268528,High,Inactive,High,Medium,-21,-888,872,-9,-3,-21,,,
7.7889122963,High,Inactive,High,Medium,,,,,,,0.374658227,0.6702245474,0.8510612249
7.8196952343,High,Inactive,High,Medium,603,-1213,257,-2,2,-32,,,
7.855257988,High,Inactive,High,Medium,,,,,,,0.3579764068,0.6575324535,0.8538816571
7.8640499115,High,Inactive,High,Medium,-16,-1667,-763,-3,-8,-43,,,
7.9060349464,High,Inactive,High,Medium,-781,-1095,-567,-12,4,-30,,,
7.9250760078,High,Inactive,High,Medium,,,,,,,0.3959133029,0.639287591,0.8579360843
7.9665164948,High,Inactive,High,Medium,197,-1484,1663,-11,-3,-17,,,
7.9921228886,High,Inactive,High,Medium,,,,,,,0.3936383426,0.5844780207,0.8701159954
8.0116260052,High,Inactive,High,Medium,726,-634,2198,-5,-19,-3,,,
8.0566005707,High,Inactive,High,Medium,620,-938,1373,-1,-8,31,,,
8.0585083961,High,Inactive,High,Medium,,,,,,,0.4280588627,0.6205760837,0.8620942235
8.1069276333,High,Inactive,High,Medium,-875,-829,833,-6,-1,39,,,
8.1433095932,High,Inactive,High,Medium,,,,,,,0.3858841062,0.5541189313,0.8768624663
8.1470143795,High,Inactive,High,Medium,-1918,-1011,310,-5,8,47,,,
8.1961741447,High,Inactive,High,Medium,-2048,-1164,416,-8,11,40,,,
8.2374680042,High,Inactive,High,Medium,-1929,-1405,1078,-5,10,30,,,
8.2377765179,High,Inactive,High,Medium,,,,,,,0.2879760861,0.5301972628,0.8821783662
8.2823474407,High,Inactive,High,Medium,-1852,-1064,922,-7,4,17,,,
8.3269848824,High,Inactive,High,Medium,-1564,-554,-31,-7,16,23,,,
8.328861475,High,Inactive,High,Medium,,,,,,,0.2571735084,0.5469406843,0.8784576058
8.3730344772,High,Inactive,High,Medium,-518,493,-242,-13,38,44,,,
8.3836858273,High,Inactive,High,Medium,,,,,,,0.2571735084,0.5321773291,0.8817383647
8.417355299,High,Inactive,High,Medium,1930,1207,782,-14,55,52,,,
8.4621715546,High,Inactive,High,Medium,4187,1126,2024,3,19,28,,,
8.4649977684,High,Inactive,High,Medium,,,,,,,0.2174438834,0.6052209139,0.8655064702
8.5080502033,High,Inactive,High,Medium,4134,802,1731,16,9,36,,,
8.5522375107,High,Inactive,High,Medium,4063,-134,1319,8,4,21,,,
8.5525753498,High,Inactive,High,Medium,,,,,,,0.2114984244,0.6155499816,0.8632110953
8.5974342823,High,Inactive,High,Medium,3339,592,831,14,-8,10,,,
8.6213600636,High,Inactive,High,Medium,,,,,,,0.2040577233,0.6367972493,0.8584895134
8.6425514221,High,Inactive,High,Medium,2977,295,834,14,13,6,,,
8.6893553734,High,Inactive,High,Medium,,,,,,,0.1483050883,0.5969424844,0.867346108
8.6916677952,High,Inactive,High,Medium,3445,-241,1496,8,-11,0,,,
8.7328350544,High,Inactive,High,Medium,2493,-474,1168,7,-12,-4,,,
8.7576713562,High,Inactive,High,Medium,,,,,,,0.2649720013,0.627802968,0.860488236
8.777463913,High,Inactive,High,Medium,1880,-491,706,10,-4,-6,,,
8.823289156,High,Inactive,High,Medium,2359,151,371,9,-2,-7,,,
8.8250215054,High,Inactive,High,Medium,,,,,,,0.2646464109,0.6366983056,0.8585115075
8.8675570488,High,Inactive,High,Medium,2987,593,699,15,-1,-5,,,
8.8948471546,High,Inactive,High,Medium,,,,,,,0.2211616486,0.5967628956,0.8673860431
8.9127972126,High,Inactive,High,Medium,3091,-323,1148,15,-4,-18,,,
8.9575960636,High,Inactive,High,Medium,2051,-392,520,2,-9,1,,,
8.9587755203,High,Inactive,High,Medium,,,,,,,0.1211808026,0.5715936422,0.8729791641
9.0029215813,High,Inactive,Medium,Low,2240,46,-297,3,16,-8,,,
9.0280783176,High,Inactive,Medium,Low,,,,,,,0.1672286987,0.5697907209,0.8733798265
9.0484974384,High,Inactive,Medium,Low,2585,-205,221,7,18,-17,,,
9.0928442478,High,Inactive,Medium,Low,2504,-397,-191,8,14,-12,,,
9.0940339565,High,Inactive,Medium,Low,,,,,,,0.115961954,0.5545578599,0.8767648935
9.1387073994,High,Inactive,Medium,Low,2431,-429,-917,8,16,-14,,,
9.1623475552,High,Inactive,Medium,Low,,,,,,,0.2182117701,0.5433933139,0.8792459369
9.1831007004,High,Inactive,Medium,Low,2492,-713,-1055,5,18,-21,,,
9.2236278057,High,Blocking,Medium,Low,,,,,,,0.1953147799,0.5265909433,0.8829798102
9.2279911041,High,Blocking,Medium,Low,3007,-302,-1385,4,8,7,,,
9.2741305828,High,Blocking,Medium,Low,3459,-488,-799,-14,7,12,,,
9.2934782505,High,Blocking,Medium,Low,,,,,,,0.2866154015,0.5376399159,0.8805244565
9.3183953762,High,Blocking,Medium,Low,3397,604,-1540,-7,12,40,,,
9.3605015278,High,Blocking,Medium,Low,,,,,,,0.2930983305,0.5310126543,0.8819971681
9.3632047176,High,Blocking,Medium,Low,5234,2057,1491,-17,58,84,,,
9.4087946415,High,Blocking,Medium,Low,7603,2135,8807,-14,29,42,,,
9.4184248447,High,Blocking,Medium,Low,,,,,,,0.3815955818,0.5307074189,0.8820649981
9.4537401199,High,Blocking,Medium,Low,5904,1204,8843,5,-34,51,,,
9.4792768955,High,Blocking,Medium,Low,,,,,,,0.4689325094,0.5898204446,0.8689287901
9.4983305931,High,Blocking,Medium,Low,3998,704,2314,5,-11,26,,,
9.5403618813,High,Blocking,Medium,Low,,,,,,,0.401157409,0.5617828369,0.8751593828
9.5441589355,High,Blocking,Medium,Low,1659,1075,-1281,20,-21,20,,,
9.5892319679,High,Blocking,Medium,Low,-5144,3387,-1913,16,-65,80,,,
9.6104979515,High,Blocking,Medium,Low,,,,,,,0.3119448423,0.5598810911,0.8755819798
9.6340155602,High,Blocking,Medium,Low,-11995,-887,-2472,34,44,-76,,,
9.6787796021,High,Blocking,Medium,Low,-7010,-2807,3083,-20,147,-37,,,
9.690277338,High,Blocking,Medium,Low,,,,,,,0.367634654,0.7269172072,0.8384628296
9.7236330509,High,Blocking,Medium,Low,444,-1998,3336,-25,-31,16,,,
9.7552883625,High,Blocking,Medium,Low,,,,,,,0.3939826488,0.7817524076,0.826277256
9.7686834335,High,Blocking,Medium,Low,-3322,1838,-1334,-20,-26,-3,,,
9.8102588654,High,Blocking,Medium,Low,-3333,1522,-1085,12,73,-2,,,
9.8211765289,High,Blocking,Medium,Low,,,,,,,0.4084646702,0.7940517664,0.8235440254
9.8549315929,High,Blocking,Medium,Low,1432,-101,518,14,21,-19,,,
9.8894798756,High,Blocking,Medium,Low,,,,,,,0.3204451501,0.7829437852,0.8260124922
9.9083805084,High,Blocking,Medium,Low,772,97,-1160,6,-32,-31,,,
9.9453053474,High,Blocking,Medium,Low,-634,-72,-4252,4,3,-6,,,
9.9588441849,High,Blocking,Medium,Low,,,,,,,0.3200139105,0.7544270754,0.8323495388
9.9900076389,High,Blocking,Medium,Low,-1215,-735,-4829,-4,26,-31,,,
10.0241029263,High,Blocking,Medium,Low,,,,,,,0.3374234438,0.7142380476,0.8412804604
10.0395321846,High,Blocking,Medium,Low,-673,-711,-2746,-16,7,-28,,,
10.0801076889,High,Blocking,Medium,Low,-309,-578,-1618,-17,-10,-29,,,
10.0891683102,High,Blocking,Medium,Low,,,,,,,0.3144569993,0.6641278863,0.8524160385
10.1257722378,High,Blocking,Medium,Low,-803,-182,-1329,-12,-10,-25,,,
10.1571035385,High,Blocking,Medium,Low,,,,,,,0.3329288363,0.5934925079,0.8681128025
10.1749560833,High,Blocking,Medium,Low,-1704,49,-424,-18,-6,-44,,,
10.2148170471,High,Blocking,Medium,Low,,,,,,,0.6077520251,0.5472179651,0.8783960342
10.2156400681,High,Blocking,Medium,Low,-2287,-359,2089,-10,-8,-39,,,
10.261039257,High,Blocking,Medium,Low,-3996,330,2752,-1,-23,-59,,,
10.2730822563,High,Blocking,Medium,Low,,,,,,,0.6793003082,0.5390354395,0.8802143335
10.3064045906,High,Blocking,Medium,Low,-2953,382,1367,8,-5,-20,,,
10.3292591572,High,Blocking,Medium,Low,,,,,,,0.5012702942,0.6422783732,0.8572714925
10.3587527275,High,Blocking,Medium,Low,61,790,-1650,-50,81,14,,,
10.3717625141,High,Blocking,Medium,Low,,,,,,,0,0,0
10.3952958584,High,Blocking,Medium,Low,9470,3336,282,-16,106,-78,,,
10.4300787449,High,Blocking,Medium,Low,,,,,,,0.2854821384,0.5555699468,0.8765400052
10.44104743,High,Blocking,Medium,Low,12999,-1374,6381,88,14,-153,,,
10.467539072,High,Blocking,Medium,Low,,,,,,,0,0,0
10.4856972694,High,Blocking,Medium,Low,4101,-5371,7390,28,-167,-136,,,
10.5305411816,High,Blocking,High,High,-1804,3651,-5184,-15,-189,-2,,,
10.5336465836,High,Blocking,High,High,,,,,,,0.6748965383,1.5591118336,0.6535307169
10.5766015053,High,Blocking,High,High,-603,1539,-17518,-55,-12,-71,,,
10.5962944031,High,Blocking,High,High,,,,,,,0.5772631764,1.5479624271,0.6560083628
10.6214802265,High,Blocking,High,High,359,1355,-3896,11,105,-103,,,
10.6418612003,High,Blocking,High,High,,,,,,,0,0,0
10.6699807644,High,Blocking,High,High,-2293,-2955,5315,5,-53,-56,,,
10.6934075356,High,Blocking,High,High,,,,,,,0,0,0
10.7109160423,High,Blocking,High,High,-607,1728,1984,-11,-31,-49,,,
10.7347588539,High,Blocking,High,High,,,,,,,0,0,0
10.772480011,High,Blocking,High,High,1387,274,-1442,10,22,-63,,,
10.7995078564,High,Blocking,High,High,,,,,,,0.6038960814,0.4982472956,0.8892784119
10.8172528744,High,Blocking,High,High,859,-2866,-2304,22,7,-57,,,
10.8622617722,High,Blocking,High,High,-2525,-1444,-4184,5,-4,-36,,,
10.8676550388,High,Blocking,High,High,,,,,,,0,0,0
10.9075763226,High,Blocking,High,High,-1869,-1560,-3153,2,-4,-44,,,
10.9193785191,High,Blocking,High,High,,,,,,,0.3347482979,3.4000790119,0.2444269061
10.9526002407,High,Blocking,High,High,2287,-1527,-2289,18,16,-64,,,
10.9846119881,High,Blocking,High,High,,,,,,,0.4957983196,3.2527770996,0.2771606445
10.9974601269,High,Blocking,High,High,2911,-1956,-880,41,46,4,,,
11.0466430187,High,Blocking,High,High,-1066,-2994,4652,29,2,10,,,
11.0500893593,High,Blocking,High,High,,,,,,,0.5615036488,0.5296919942,0.8822906613
11.0875790119,High,Blocking,High,High,-3245,-440,2131,22,-35,31,,,
11.1082673073,High,Blocking,High,High,,,,,,,0.7414000034,0.5104711652,0.8865619898
11.1326167583,High,Blocking,High,High,-1350,-199,-1141,14,23,29,,,
11.1776349545,High,Blocking,High,High,-1456,-2859,1100,-2,13,34,,,
11.1829416752,High,Blocking,High,High,,,,,,,0.5442831516,0.5200725794,0.8844283223
11.2227976322,High,Transient,High,High,-2036,-1030,615,3,-24,52,,,
11.2677741051,High,Transient,High,High,-2967,-131,-1071,3,2,16,,,
11.2705435753,High,Transient,High,High,,,,,,,0.1847029626,0.5292844772,0.8823812008
11.3128995895,High,Transient,High,High,-2718,-848,230,-14,13,15,,,
11.3571133614,High,Transient,High,High,,,,,,,0.1458891481,0.5514902472,0.8774465919
11.3582804203,High,Transient,High,High,-1286,-1492,1723,-5,-9,14,,,
11.4037282467,High,Transient,High,High,-942,-1074,740,12,-10,-12,,,
11.4431040287,High,Transient,High,High,,,,,,,0.3745367229,0.6130501032,0.8637666702
11.448492527,High,Transient,High,High,-2305,-1086,-769,23,-12,-42,,,
11.4933760166,High,Transient,High,High,-1600,-1922,-1554,14,-5,-52,,,
11.5275559425,High,Transient,High,High,,,,,,,0.1409910172,0.6353986859,0.858800292
11.5392317772,High,Transient,High,High,-172,-2619,-56,-3,-11,-14,,,
11.5838136673,High,Transient,High,High,97,-1472,1629,-12,-36,17,,,
11.5921602249,High,Transient,High,High,,,,,,,0.1779872477,0.6285139918,0.860330224
11.6283819675,High,Transient,High,High,-215,522,1749,-6,-9,14,,,
11.6575291157,High,Transient,High,High,,,,,,,0.1856687218,0.6526798606,0.8549600244
11.6737411022,High,Transient,High,High,56,-999,2387,5,9,-20,,,
11.718388319,High,Transient,High,High,217,-1564,2606,-4,-30,12,,,
11.7204306126,High,Transient,High,High,,,,,,,0.2417061627,0.7118820548,0.841803968
11.7639827728,High,Transient,High,High,832,-344,-64,-11,-19,41,,,
11.7838900089,High,Transient,High,High,,,,,,,0.2538233995,0.7651101947,0.8299754858
11.8170733452,High,Transient,High,High,1173,-823,-609,-2,25,37,,,
11.8534882069,High,Transient,High,High,1290,-1064,598,-1,13,37,,,
11.8553104401,High,Transient,High,High,,,,,,,0.2336317301,0.8335695863,0.8147622943
11.8987224102,High,Transient,High,High,1191,-634,253,1,10,47,,,
11.9162917137,High,Transient,High,High,,,,,,,0.3774685264,0.9524977207,0.7883338332
11.9437162876,High,Transient,High,High,1107,-145,-172,-4,12,56,,,
11.9859139919,High,Transient,High,High,,,,,,,0.3852542937,1.0705697536,0.7620956302
11.9886670113,High,Transient,High,High,792,-189,347,-2,23,47,,,
12.0339713097,Medium,Transient,High,High,708,-265,723,-5,11,43,,,
12.0524802208,Medium,Transient,High,High,,,,,,,0.403550297,1.1474143267,0.7450190783
12.0787374973,Medium,Transient,High,High,1011,-316,745,-11,11,42,,,
12.119931221,Medium,Transient,High,High,,,,,,,0.4147711694,1.2282166481,0.7270629406
12.123850584,Medium,Transient,High,High,667,-372,1603,-8,8,32,,,
12.1688506603,Medium,Transient,High,High,-23,-212,1804,0,-1,14,,,
12.1852278709,Medium,Transient,High,High,,,,,,,0.4308482111,1.3081288338,0.7093046904
12.214173317,Medium,Transient,High,High,-597,-838,887,-2,10,10,,,
12.2502331734,Medium,Transient,High,High,,,,,,,0.4308458567,1.3922747374,0.6906056404
12.2597670555,Medium,Transient,High,High,-822,-1127,994,-10,17,23,,,
12.3001286983,Medium,Transient,High,High,-418,-1749,882,-15,16,11,,,
12.307104826,Medium,Transient,High,High,,,,,,,0.4364290833,1.435505271,0.6809988022
12.3454799652,Medium,Transient,High,High,126,-1723,685,-11,6,6,,,
12.3766036034,Medium,Transient,High,High,,,,,,,0.4401976764,1.4924160242,0.6683520079
12.390165329,Medium,Transient,High,High,-26,-1693,1085,-13,1,18,,,
12.435148716,Medium,Transient,High,High,-97,-1333,814,-18,16,22,,,
12.436662674,Medium,Transient,High,High,,,,,,,0.446449995,1.5587828159,0.6536037922
12.4886016846,Medium,Transient,High,High,-255,-1008,1371,-15,8,14,,,
12.5066924095,Medium,Transient,High,High,,,,,,,0.4616954923,1.6228796244,0.6393600702
12.5292487144,Medium,Transient,High,High,-228,-1458,229,-11,8,-13,,,
12.5709514618,Medium,Transient,High,High,432,-801,-37,-17,11,-12,,,
12.5792877674,Medium,Transient,High,High,,,,,,,0.4517243207,1.6608555317,0.6309210062
12.6194610596,Medium,Transient,High,High,1030,-705,465,-10,7,0,,,
12.6520712376,Medium,Transient,High,High,,,,,,,0.421177119,1.6844799519,0.6256711483
12.6644454002,Medium,Transient,High,High,670,-888,-635,-2,20,12,,,
12.7098281384,Medium,Transient,High,High,-301,-1343,-967,5,37,11,,,
12.7141194344,Medium,Transient,High,High,,,,,,,0.3905904293,1.6746068001,0.6278651953
12.7505617142,Medium,Transient,High,High,-397,-1571,-1164,12,17,2,,,
12.7828097343,Medium,Transient,High,High,,,,,,,0.3827093542,1.6577148438,0.631618917
12.7955169678,Medium,Transient,High,High,-437,-2021,-2780,18,8,-28,,,
12.8408684731,Medium,Transient,High,High,-1244,-1956,-1270,9,12,-30,,,
12.848934412,Medium,Transient,High,High,,,,,,,0.3800030351,1.6216095686,0.6396423578
12.885897398,Medium,Transient,High,High,-2608,-1625,4010,13,-6,-52,,,
12.9095516205,Medium,Transient,High,High,,,,,,,0.4226251543,1.5736025572,0.6503105164
12.9307336807,Medium,Transient,High,High,-3011,-783,5231,-5,-34,-51,,,
12.9760704041,Medium,Transient,High,High,,,,,,,0.4325509369,1.5639250278,0.6524611115
12.9802749157,Medium,Transient,High,High,-4501,536,5196,-28,-15,-29,,,
13.0254905224,Medium,Transient,High,High,-3939,1207,4294,-48,-24,-42,,,
13.044011116,Medium,Transient,High,High,,,,,,,0.422200501,1.4894229174,0.6690171361
13.0701918602,Medium,Transient,High,High,1438,956,4021,-36,0,-56,,,
13.1098229885,Medium,Transient,High,High,,,,,,,0.3846387267,1.4492239952,0.677950263
13.1113996506,Medium,Transient,High,High,8065,630,3104,-10,-11,-11,,,
13.1569929123,Medium,Transient,High,High,6105,893,-702,-3,-51,-24,,,
13.1732695103,Medium,Transient,High,High,,,,,,,0.3642834723,1.4230920076,0.6837573051
13.2009897232,Medium,Transient,High,High,3358,657,-2174,3,10,-43,,,
13.234593153,Medium,Transient,High,High,,,,,,,0.3680348396,1.3482854366,0.7003810406
13.2505760193,Medium,Transient,High,High,1308,-1025,1027,6,7,-34,,,
13.2913537025,Medium,Transient,High,High,-114,-1314,-121,-1,8,-41,,,
13.308599472,Medium,Transient,High,High,,,,,,,0.4015378952,1.2964971066,0.7118895054
13.3363199234,Medium,Transient,High,High,758,-1651,-2081,0,-5,-51,,,
13.3768191338,Medium,Transient,High,High,,,,,,,0.4151612818,1.2043997049,0.7323555946
13.3816184998,Medium,Transient,High,High,827,-1529,-2797,4,20,-40,,,
13.4268698692,Medium,Transient,High,High,-157,-1817,-658,-2,6,-24,,,
13.4449205399,Medium,Transient,High,High,,,,,,,0.4130662382,1.1411144733,0.7464190125
13.4760730267,Medium,Transient,High,High,-606,-1440,92,-19,-16,-3,,,
13.520822525,Medium,Transient,Medium,Medium,-1043,-678,-107,-31,-16,-10,,,
13.5231246948,Medium,Transient,Medium,Medium,,,,,,,0.3922436833,1.0893326998,0.7579260468
13.5616898537,Medium,Transient,Medium,Medium,36,-285,1792,-35,-24,-39,,,
13.5897712708,Medium,Transient,Medium,Medium,,,,,,,0.3601565659,1.0480288267,0.7671046853
13.6078920364,Medium,Transient,Medium,Medium,4617,2831,2725,-4,-22,47,,,
13.6519057751,Medium,Transient,Medium,Medium,1694,2914,1774,17,-21,-59,,,
13.659229517,Medium,Transient,Medium,Medium,,,,,,,0.3469134271,1.0231574774,0.7726316452
13.6970052719,Medium,Transient,Medium,Medium,-14,2327,3487,-4,8,23,,,
13.7184503078,Medium,Walking,Medium,Medium,,,,,,,0.356343627,0.9927107692,0.7793976068
13.7458641529,Medium,Walking,Medium,Medium,-859,13,3312,3,-22,-28,,,
13.7808318138,Medium,Walking,Medium,Medium,,,,,,,0.3766908348,0.961655736,0.7862987518
13.832234621,Medium,Walking,Medium,Medium,-867,-398,-2777,10,11,-27,,,
13.849265337,Medium,Walking,Medium,Medium,,,,,,,0.3881611228,0.9332724214,0.7926061153
13.8895602226,Medium,Walking,Medium,Medium,-1139,-722,-1312,-5,1,-8,,,
13.9188089371,Medium,Walking,Medium,Medium,,,,,,,0.3938163221,0.9082359076,0.7981697917
13.921889782,Medium,Walking,Medium,Medium,-463,103,-463,-9,-11,14,,,
13.9724869728,Medium,Walking,Medium,Medium,-473,-37,-237,-7,15,3,,,
13.9921426773,Medium,Walking,Medium,Medium,,,,,,,0.3973121345,0.88108778,0.8042027354
14.0121319294,Medium,Walking,Medium,Medium,-259,-80,69,-15,21,20,,,
14.0566153526,Medium,Walking,Medium,Medium,,,,,,,0.3662810922,0.8506941795,0.8109568357
14.057035923,Medium,Walking,Medium,Medium,704,-602,1233,-18,40,28,,,
14.1072127819,Medium,Walking,Medium,Medium,2539,-1694,3843,-2,12,4,,,
14.1224067211,Medium,Walking,Medium,Medium,,,,,,,0.3548842072,0.8216689825,0.8174068928
14.1556534767,Medium,Walking,Medium,Medium,2337,-2242,3983,1,-22,-12,,,
14.1851499081,Medium,Walking,Medium,Medium,,,,,,,0.3211142421,0.8015213013,0.8218841553
14.1923458576,Medium,Walking,Medium,Medium,1760,-956,1944,-8,-20,21,,,
14.2379107475,Medium,Walking,Medium,Medium,1731,-1037,1110,1,4,5,,,
14.2526693344,Medium,Walking,Medium,Medium,,,,,,,0.3085485101,0.7955233455,0.8232170343
14.282885313,Medium,Walking,Medium,Medium,1782,-1703,1300,6,-5,5,,,
14.3213350773,Medium,Walking,Medium,Medium,,,,,,,0.2940579057,0.7988314033,0.8224819303
14.3275597095,Medium,Walking,Medium,Medium,1699,-1539,358,4,-14,17,,,
14.3730697632,Medium,Walking,Medium,Medium,1237,-1053,-380,3,0,20,,,
14.3907911777,Medium,Walking,Medium,Medium,,,,,,,0.2863463759,0.7993198633,0.8223733902
14.4177963734,Medium,Walking,Medium,Medium,1190,-779,39,4,15,22,,,
14.4549500942,Medium,Walking,Medium,Medium,,,,,,,0.2860678732,0.7909966707,0.8242229819
14.4629709721,Medium,Walking,Medium,Medium,1520,-863,407,9,15,27,,,
14.5081980228,Medium,Walking,Medium,Medium,1452,-1167,746,11,12,28,,,
14.5189433098,Medium,Walking,Medium,Medium,,,,,,,0.303483516,0.7790244222,0.8268834352
14.5569486618,Medium,Walking,Medium,Medium,1161,-1261,1325,11,11,30,,,
14.5875697136,Medium,Walking,Medium,Medium,,,,,,,0.2940702736,0.7722241282,0.8283946514
14.6144244671,Medium,Walking,Medium,Medium,1254,-1192,1339,10,4,35,,,
14.6538496017,Medium,Walking,Medium,Medium,,,,,,,0.293353945,0.7623788118,0.8305824995
14.6591866016,Medium,Walking,Medium,Medium,1332,-960,876,9,11,36,,,
14.7063820362,Medium,Walking,Medium,Medium,1305,-1134,847,13,24,27,,,
14.7232749462,Medium,Walking,Medium,Medium,,,,,,,0.29845348,0.7527268529,0.8327273726
14.7494871616,Medium,Walking,Medium,Medium,1213,-1532,662,5,18,17,,,
14.7916269302,Medium,Walking,Medium,Medium,,,,,,,0.2959199846,0.7417942286,0.835156858
14.794318676,Medium,Walking,Medium,Medium,1372,-1632,703,-9,12,15,,,
14.8351852894,Medium,Walking,Medium,Medium,1595,-1353,1102,-14,7,16,,,
14.8558943272,Medium,Walking,Medium,Medium,,,,,,,0.3014401495,0.7259625793,0.8386749625
14.8805265427,Medium,Walking,Medium,Medium,1903,-1339,992,-17,7,15,,,
14.9234857559,Medium,Walking,Medium,Medium,,,,,,,0.2969577014,0.7111917734,0.8419573903
14.9253325462,Medium,Walking,Medium,Medium,2423,-1687,1381,-10,12,6,,,
14.9718077183,Medium,Walking,Medium,Medium,3156,-1570,2031,5,-5,13,,,
14.9910748005,Medium,Walking,Medium,Medium,,,,,,,0.309757024,0.6904293299,0.8465712667
15.0160541534,Medium,Walking,Medium,Medium,2430,-1175,1666,11,-16,6,,,
15.060738802,Medium,Walking,Medium,Medium,,,,,,,0.2237802148,0.6708808541,0.8509153724
15.0610444546,Medium,Walking,Medium,Medium,749,921,1597,14,-5,21,,,
15.1067340374,Medium,Walking,Medium,Medium,-537,404,608,13,30,35,,,
15.1172704697,Medium,Walking,Medium,Medium,,,,,,,0.1964833289,0.6493051648,0.85570997
15.1509366035,Medium,Walking,Medium,Medium,-1048,-866,703,-4,30,39,,,
15.1854631901,Medium,Walking,Medium,Medium,,,,,,,0.1931778491,0.6084091067,0.8647979498
15.1998114586,Medium,Walking,Medium,Medium,-1210,-635,1151,-10,11,36,,,
15.2411296368,Medium,Walking,Medium,Medium,-623,-751,816,-5,13,21,,,
15.2521288395,Medium,Walking,Medium,Medium,,,,,,,0.1826925576,0.6097016931,0.864510715
15.2865014076,Medium,Walking,Medium,Medium,-85,-1198,331,-10,20,32,,,
15.3325061798,Medium,Walking,Medium,Medium,,,,,,,0.1521024853,0.6048621535,0.8655861616
15.3350613117,Medium,Walking,Medium,Medium,434,-1377,-15,-11,17,35,,,
15.3768937588,Medium,Walking,Medium,Medium,1278,-1330,267,-4,10,30,,,
15.4210255146,Medium,Walking,Medium,Medium,1672,-981,644,5,0,20,,,
15.4214146137,Medium,Walking,Medium,Medium,,,,,,,0.2157355547,0.5754916072,0.8721129894
15.4865207672,Medium,Walking,Medium,Medium,1182,-1202,946,9,5,17,,,
15.5004997253,Medium,Walking,Medium,Medium,,,,,,,0.4112559259,0.6178462505,0.86270082
15.5274677277,Medium,Walking,Medium,Medium,1097,-1695,1602,9,4,14,,,
15.572835207,Medium,Walking,Medium,Medium,998,-1656,2141,4,-8,11,,,
15.5924437046,Medium,Walking,Medium,Medium,,,,,,,0.2344696671,0.5942150354,0.8679522276
15.6175951958,Medium,Walking,Medium,Medium,650,-1517,2400,0,-19,-2,,,
15.6629543304,Medium,Walking,Medium,Medium,880,-1141,2668,-3,-29,-10,,,
15.6768538952,Medium,Walking,Medium,Medium,,,,,,,0.2863404155,0.5572200418,0.8761733174
15.714307785,Medium,Inactive,Medium,Medium,557,751,2256,-6,-33,-10,,,
15.7334578037,Medium,Inactive,Medium,Medium,,,,,,,0.2863404155,0.2840854824,0.9368698597
15.7533686161,Medium,Inactive,Medium,Medium,142,1247,-166,3,-12,-36,,,
15.7978551388,Medium,Inactive,Medium,Medium,-17,1081,-738,-2,5,-37,,,
15.8184430599,Medium,Inactive,Medium,Medium,,,,,,,0.3777881265,0.4644468725,0.8967895508
15.8430922031,Medium,Inactive,Medium,Medium,-147,179,664,-13,-6,-33,,,
15.8879554272,Medium,Inactive,Medium,Medium,-59,-72,1243,-15,-13,-43,,,
15.8926930428,Medium,Inactive,Medium,Medium,,,,,,,0.350805968,0.4426481128,0.9016337395
15.9329826832,Medium,Inactive,Medium,Medium,695,-178,248,-10,-2,-43,,,
15.9602987766,Medium,Inactive,Medium,Medium,,,,,,,0.46117872,0.5198965669,0.884467423
15.9782729149,Medium,Inactive,Medium,Medium,889,-810,-438,-5,5,-50,,,
16.0166027546,Medium,Inactive,Medium,Medium,,,,,,,0.5979435444,0.4361659288,0.9030742645
16.0232338905,Medium,Inactive,Medium,Medium,666,-1268,-77,-5,6,-48,,,
16.0684103966,Medium,Inactive,Medium,Medium,658,-1591,494,-6,-3,-42,,,
16.0792634487,Medium,Inactive,Medium,Medium,,,,,,,0.632905364,0.5239362717,0.8835697174
16.1134996414,Medium,Inactive,Medium,Medium,287,-1822,464,-6,-1,-41,,,
16.144207716,Medium,Inactive,Medium,Medium,,,,,,,0.5418854952,0.4567839503,0.8984924555
16.1583476067,Medium,Inactive,Medium,Medium,123,-1875,655,-6,1,-35,,,
16.2036969662,Medium,Inactive,Medium,Medium,-56,-2239,914,-4,14,-42,,,
16.2197258472,Medium,Inactive,Medium,Medium,,,,,,,0.1924648881,0.5126053691,0.8860877156
16.248565197,Medium,Inactive,Medium,Medium,-122,-2055,1472,-5,-1,-42,,,
16.2816047668,Medium,Inactive,Medium,Medium,,,,,,,0.2185162902,0.5611097217,0.8753089309
16.2933444977,Medium,Inactive,Medium,Medium,208,-1851,1216,-6,1,-26,,,
16.3390870094,Medium,Walking,Medium,Medium,195,-2072,2293,-7,-10,-30,,,
16.3507113457,Medium,Walking,Medium,Medium,,,,,,,0.2978888452,0.5953512788,0.8676997423
16.3836448193,Medium,Walking,Medium,Medium,-18,-825,890,7,-11,-27,,,
16.4106943607,Medium,Walking,Medium,Medium,,,,,,,0.3530532718,0.6362170577,0.8586184382
16.4285671711,Medium,Walking,Medium,Medium,-1356,981,-3775,24,30,-30,,,
16.473982811,Medium,Walking,Medium,Medium,-1131,435,-5557,10,53,4,,,
16.4849162102,Medium,Walking,Medium,Medium,,,,,,,0.3385309279,0.6723629236,0.8505859971
16.5188472271,High,Walking,High,Medium,-2070,1229,-3679,10,69,15,,,
16.5537648201,High,Walking,High,Medium,,,,,,,0.3142723143,0.6921098828,0.8461977839
16.5637025833,High,Walking,High,Medium,-5488,1523,3141,29,81,-20,,,
16.6091365814,High,Walking,High,Medium,-7546,-449,6266,46,6,-82,,,
16.6201193333,High,Walking,High,Medium,,,,,,,0.3044591248,0.652926147,0.8549053073
16.6543114185,High,Walking,High,Medium,-9932,1007,6056,34,10,-110,,,
16.6844911575,High,Walking,High,Medium,,,,,,,0.3216542602,0.5898007751,0.8689331412
16.6988456249,High,Walking,High,Medium,-9278,1363,6435,35,-14,-121,,,
16.7321913242,High,Walking,High,Medium,,,,,,,0,0,0
16.7446496487,High,Walking,High,Medium,-3988,1264,4826,52,-35,-64,,,
16.7939403057,High,Walking,High,Medium,,,,,,,0,0,0
16.7972595692,High,Walking,High,Medium,1455,2204,-1635,21,-134,81,,,
16.8340213299,High,Walking,High,Medium,1471,2071,-10294,17,-48,76,,,
16.8367612362,High,Walking,High,Medium,,,,,,,0.5921568871,0.5414398909,0.8796800375
16.879399538,High,Walking,High,Medium,-1770,3101,-9598,-57,61,-155,,,
16.9007749557,High,Walking,High,Medium,,,,,,,0.8057151437,0.4309902489,0.9042243958
16.9246618748,High,Walking,High,Medium,3693,3536,2786,-61,111,-30,,,
16.9670193195,High,Walking,High,Medium,,,,,,,0.399060607,0.7513902187,0.8330243826
16.9693815708,High,Walking,High,Medium,-198,-1941,7946,6,-60,-17,,,
17.0150513649,High,Walking,High,Medium,-2657,1788,6455,-15,-112,0,,,
17.0329375267,High,Walking,High,Medium,,,,,,,0.5078443885,0.6915361285,0.8463252783
17.0592999458,High,Walking,High,Medium,-3749,3019,1919,-42,-80,12,,,
17.1002633572,High,Walking,High,Medium,,,,,,,0.3548094332,0.568367064,0.873696208
17.1047515869,High,Walking,High,Medium,-2114,-783,-5502,-30,-27,-39,,,
17.1499500275,High,Walking,High,Medium,-824,30,-9535,-20,17,-69,,,
17.1658740044,High,Walking,High,Medium,,,,,,,0.5207114816,0.5180852413,0.8848699331
17.1944363117,High,Walking,High,Medium,-1143,1003,-8191,14,21,-125,,,
17.2341990471,High,Walking,High,Medium,,,,,,,0.5388649702,1.1356213093,0.7476397157
17.2407097816,High,Walking,High,Medium,3237,3422,-3493,9,35,-78,,,
17.2854764462,High,Walking,High,Medium,229,6300,3911,36,4,-154,,,
17.3022148609,High,Walking,High,Medium,,,,,,,0.2822643816,0.6927580237,0.8460537791
17.3624489307,High,Walking,High,Medium,-3306,6102,6578,-15,-90,-176,,,
17.3659467697,High,Walking,High,Medium,,,,,,,0.2850771844,0.7165910006,0.8407575488
17.4161939621,High,Walking,High,Medium,3638,2355,4499,21,-74,-112,,,
17.441226244,High,Walking,High,Medium,,,,,,,0.3787441552,0.7918026447,0.82404387
17.464915514,High,Walking,High,Medium,1089,-994,3007,62,-118,1,,,
17.5108342171,High,Running,High,Medium,-1640,802,-4746,26,-146,2,,,
17.532130003,High,Running,High,Medium,,,,,,,0.455447495,0.9877305627,0.7805043459
17.5509388447,High,Running,High,Medium,-1379,1086,-12067,-84,-28,26,,,
17.5961034298,High,Running,High,Medium,3001,1307,-9468,-61,77,-141,,,
17.5997970104,High,Running,High,Medium,,,,,,,0.3556455672,0.9847248793,0.7811722755
17.6538074017,High,Running,High,Medium,-441,1135,4201,35,86,-121,,,
17.6668002605,High,Running,High,Medium,,,,,,,0.4253416061,1.0397843122,0.7689368129
17.6872646809,High,Running,High,Medium,-1008,4917,5774,-6,-151,-70,,,
17.7310960293,High,Running,High,Medium,1979,347,-7657,-35,-13,-34,,,
17.7425277233,High,Running,High,Medium,,,,,,,0.2434640527,1.1261302233,0.749748826
17.7806882858,High,Running,High,Medium,39,364,-5578,-18,62,-139,,,
17.8002340794,High,Running,High,Medium,,,,,,,0.5610000491,1.3420772552,0.7017606497
17.8211534023,High,Running,High,Medium,550,4664,-1009,16,-25,-127,,,
17.8629610538,High,Running,High,Medium,,,,,,,0,0,0
17.8662643433,High,Running,High,Medium,3794,1701,-6241,4,-27,-188,,,
17.9121038914,High,Running,High,Medium,5742,-956,-1864,7,80,-101,,,
17.9338359833,High,Running,High,Medium,,,,,,,0.576371491,1.5323702097,0.6594733
17.9563484192,High,Running,High,Medium,3993,7200,3834,13,9,-137,,,
18.0015187263,High,Running,High,High,,,,,,,0.7090743184,1.3401858807,0.702180922
18.0019626617,High,Running,High,High,4628,4973,3713,17,-64,-173,,,
18.0515379906,High,Running,High,High,3331,784,-246,32,-26,-95,,,
18.0657246113,High,Running,High,High,,,,,,,0.6613206863,1.5048778057,0.6655827165
18.091530323,High,Running,High,High,1786,3209,-279,22,-2,-43,,,
18.136772871,High,Running,High,High,2982,3276,2460,20,-61,-54,,,
18.1413624287,High,Running,High,High,,,,,,,0.5689939857,1.5548505783,0.6544776559
18.1819181442,High,Running,High,High,470,813,564,23,-47,-55,,,
18.2001233101,High,Running,High,High,,,,,,,0.5288290381,1.6110557318,0.6419876218
18.2347733974,High,Running,High,High,-837,-642,598,-15,-7,-52,,,
18.2765295506,High,Running,High,High,1742,349,1670,-20,6,-45,,,
18.2765638828,High,Running,High,High,,,,,,,0.4803670645,1.651145339,0.6330788136
18.3331894875,High,Running,High,High,3786,1002,-162,-32,-6,-63,,,
18.3465001583,High,Running,High,High,,,,,,,0.5753180981,1.7099115849,0.6200196743
18.378714323,High,Running,High,High,2040,1524,-1104,-31,-16,-69,,,
18.4121439457,High,Running,High,High,,,,,,,0.5574480891,1.7721897364,0.6061800718
18.4238288403,High,Running,High,High,196,2667,-2176,-15,-17,-87,,,
18.4684183598,High,Running,High,High,407,3467,-4094,3,-37,-113,,,
18.4762239456,High,Running,High,High,,,,,,,0.5188952088,1.8290537596,0.5935436487
18.5138981342,High,Running,High,High,1518,2869,-5316,5,-60,-90,,,
18.5438630581,High,Running,High,High,,,,,,,0.5117521286,1.8633071184,0.585931778
18.5585489273,High,Running,High,High,1795,2231,-3947,-18,-52,-55,,,
18.6043431759,High,Running,High,High,2197,701,1302,-24,-52,-60,,,
18.6146929264,High,Running,High,High,,,,,,,0.4374922812,1.9690327644,0.5624371767
18.6528096199,High,Running,High,High,1204,-1542,5724,5,-54,-62,,,
18.677601099,High,Running,High,High,,,,,,,0.4704204202,2.0124173164,0.5527961254
18.6935257912,High,Running,High,High,218,-1442,3744,-19,-33,-19,,,
18.7395727634,High,Running,High,High,1018,-202,2075,-13,-12,-51,,,
18.7483222485,High,Running,High,High,,,,,,,0.4463389814,2.0048360825,0.5544809103
18.7844917774,High,Running,High,High,2249,653,840,11,1,-70,,,
18.8134198189,High,Running,High,High,,,,,,,0.4940170944,1.9852781296,0.5588270426
18.828751564,High,Running,High,High,3049,846,-625,-3,-10,-48,,,
18.8746316433,High,Running,High,High,2115,978,-1996,-9,-8,-18,,,
18.8781359196,High,Running,High,High,,,,,,,0.4944167733,1.9578181505,0.5649293065
18.9195551872,High,Running,High,High,1609,610,-1785,-7,7,-20,,,
18.9462444782,High,Running,High,High,,,,,,,0.4163742661,1.9122006893,0.5750665069
18.9680724144,High,Running,High,High,1941,-128,-566,-6,7,-13,,,
19.0028221607,High,Inactive,High,High,,,,,,,0.4628540576,1.9086793661,0.5758490562
19.009206295,High,Inactive,High,High,2089,-433,300,-11,5,15,,,
19.0547773838,High,Inactive,High,High,2115,120,118,-17,-1,23,,,
19.0702624321,High,Inactive,High,High,,,,,,,0.5125155449,1.9413733482,0.5685837269
19.09907341,High,Inactive,High,High,1029,206,-20,-24,11,30,,,
19.1403799057,High,Inactive,High,High,,,,,,,0.5556834936,2.0433630943,0.5459192991
19.1449131966,High,Inactive,High,High,940,641,187,-17,33,22,,,
19.1897509098,High,Inactive,High,High,1499,1116,748,-13,50,17,,,
19.2016072273,High,Inactive,High,High,,,,,,,0.6326726079,2.2699234486,0.495572567
19.2466864586,High,Inactive,High,High,2220,2556,949,-11,30,15,,,
19.2677881718,High,Inactive,High,High,,,,,,,0.7277064919,2.4628324509,0.4527038932
19.2915716171,High,Inactive,High,High,1552,3407,1012,-12,32,35,,,
19.3357012272,High,Inactive,High,High,,,,,,,0.7363404036,2.4700093269,0.4511090517
19.3372507095,High,Inactive,High,High,2022,4000,1370,-6,23,22,,,
19.3982954025,High,Inactive,High,High,2331,3727,1145,-3,1,6,,,
19.4063639641,High,Inactive,High,High,,,,,,,0.7190614939,2.444633007,0.4567482471
19.4478640556,High,Inactive,High,High,2169,3315,519,2,2,6,,,
19.4666330814,High,Inactive,High,High,,,,,,,0.5762814283,2.4189510345,0.4624553323
19.4883315563,High,Inactive,High,High,1991,2764,23,-4,-9,-1,,,
19.5333631039,Medium,Inactive,Medium,High,1488,2662,-194,-3,-9,-5,,,
19.5381195545,Medium,Inactive,Medium,High,,,,,,,0.6343280673,2.3722782135,0.4728270769
19.5785558224,Medium,Inactive,Medium,High,1394,2547,-19,-6,-9,-2,,,
19.599684,Medium,Inactive,Medium,High,,,,,,,0.6126987338,2.1583888531,0.520358026
19.62332201,Medium,Inactive,Medium,High,1105,2304,310,-7,-12,-2,,,
19.6664128304,Medium,Inactive,Medium,High,,,,,,,0,0,0
19.6684904099,Medium,Inactive,Medium,High,812,1847,240,-7,-11,-1,,,
19.7137334347,Medium,Inactive,Medium,High,988,1649,554,-8,-8,-2,,,
19.7273600101,Medium,Inactive,Medium,High,,,,,,,0,0,0
19.7626287937,Medium,Inactive,Medium,High,775,2305,714,-7,-11,8,,,
19.765078783,Medium,Inactive,Medium,High,,,,,,,0,0,0
19.8088805676,Medium,Inactive,Medium,High,681,2532,406,-3,-6,5,,,
19.8334989548,Medium,Inactive,Medium,High,,,,,,,0,0,0
19.8486099243,Medium,Inactive,Medium,High,566,2098,347,-4,-7,15,,,
19.8936479092,Medium,Inactive,Medium,High,733,1507,513,-4,-7,16,,,
19.899004221,Medium,Inactive,Medium,High,,,,,,,0.5827711225,0.9421657324,0.7906298637
19.9406197071,Medium,Inactive,Medium,High,792,1280,370,-8,-7,15,,,
19.9727060795,Medium,Inactive,Medium,High,,,,,,,0.5500378609,2.1924726963,0.512783885
19.9843454361,Medium,Inactive,Medium,High,750,1366,383,-9,-3,15,,,
20.0291922092,Medium,Inactive,Medium,High,827,1600,891,-7,-3,16,,,
20.0329546928,Medium,Inactive,Medium,High,,,,,,,0.5817785263,1.3009511232,0.7108997107
20.0748603344,Medium,Inactive,Medium,High,783,1707,874,-6,-6,12,,,
20.098893404,Medium,Inactive,Medium,High,,,,,,,0.6140872836,1.997903347,0.556021452
20.1199173927,Medium,Inactive,Medium,High,732,1417,583,-5,1,8,,,
20.1642391682,Medium,Inactive,Medium,High,797,1332,533,-5,4,11,,,
20.1660270691,Medium,Inactive,Medium,High,,,,,,,0.6140872836,0.3897221982,0.9133950472
20.2100448608,Medium,Inactive,Medium,High,741,1533,816,-7,1,5,,,
20.2158997059,Medium,Inactive,Medium,High,,,,,,,0.6556422114,2.4374761581,0.4583386183
20.2543780804,Medium,Inactive,Medium,High,671,1730,1157,-6,-5,7,,,
20.2764339447,Medium,Inactive,Medium,High,,,,,,,0.6572989821,2.4031226635,0.4659727216
20.2991404533,Medium,Inactive,Medium,High,706,1668,1205,-8,-11,11,,,
20.3432555199,Medium,Inactive,Medium,High,,,,,,,0.5334961414,2.3730187416,0.4726625085
20.3443779945,Medium,Inactive,Medium,High,444,1538,1088,-8,-10,8,,,
20.3895864487,Medium,Inactive,Medium,High,433,1500,950,-6,-4,3,,,
20.4075045586,Medium,Inactive,Medium,High,,,,,,,0.4589985609,2.3207712173,0.4842730761
20.434425354,Medium,Inactive,Medium,High,631,1559,886,-2,8,4,,,
20.4709439278,Medium,Inactive,Medium,High,,,,,,,0.4468403161,2.3782615662,0.4714974165
20.4794933796,Medium,Inactive,Medium,High,1020,1877,751,-1,7,-3,,,
20.5248091221,Medium,Inactive,Medium,High,772,2141,386,-3,14,-2,,,
20.5358242989,Medium,Inactive,Medium,High,,,,,,,0.5000762939,2.5438833237,0.4346926212
20.5696265697,Medium,Inactive,Medium,High,394,2497,1423,-3,12,11,,,
20.600279808,Medium,Inactive,Medium,High,,,,,,,0.633022964,2.6911530495,0.4019659758
20.6146857738,Medium,Inactive,Medium,High,993,2661,2202,-1,-1,10,,,
20.6599941254,Medium,Inactive,Medium,High,1131,2058,2239,0,-3,-1,,,
20.6759245396,Medium,Inactive,Medium,High,,,,,,,0.609600842,2.7109029293,0.397577107
20.7059221268,Medium,Inactive,Medium,High,1096,1681,1335,-2,1,-12,,,
20.7337350845,Medium,Inactive,Medium,High,,,,,,,0.604452312,2.6863343716,0.4030368328
20.7503435612,Medium,Inactive,Medium,High,906,1582,889,-4,-9,-20,,,
20.7950971127,Medium,Inactive,Medium,High,-167,294,1564,-4,-11,-20,,,
20.8027915955,Medium,Inactive,Medium,High,,,,,,,0.5711433291,2.7079818249,0.3982262611
20.8408470154,Medium,Inactive,Medium,High,-208,578,651,8,17,-27,,,
20.8766810894,Medium,Inactive,Medium,High,,,,,,,0.6723112464,2.7240912914,0.3946464062
20.8851587772,Medium,Inactive,Medium,High,853,1110,-41,6,16,-40,,,
20.9301400185,Medium,Inactive,Medium,High,1156,1459,-106,3,17,-24,,,
20.940611124,Medium,Inactive,Medium,High,,,,,,,0.5864124894,2.7385129929,0.3914415836
20.9759624004,Medium,Inactive,Medium,High,1394,1219,1162,1,14,-19,,,
21.0054283142,Low,Inactive,Medium,Low,,,,,,,0.5958917141,2.7464170456,0.3896850944
21.0207812786,Low,Inactive,Medium,Low,1630,1003,1002,-2,13,-22,,,
21.0651290417,Low,Inactive,Medium,Low,1752,1184,33,0,28,-22,,,
21.0681140423,Low,Inactive,Medium,Low,,,,,,,0.6701887846,2.7446038723,0.3900880218
21.1110253334,Low,Inactive,Medium,Low,1819,1201,93,0,24,-20,,,
21.1358180046,Low,Inactive,Medium,Low,,,,,,,0.5755357742,2.7266738415,0.394072473
21.1554574966,Low,Inactive,Medium,Low,2347,1053,731,1,6,-27,,,
21.200296402,Low,Inactive,Medium,Low,2556,1072,853,1,5,-25,,,
21.2088992596,Low,Running,Medium,Low,,,,,,,0.5773829818,2.6959064007,0.4009096622
21.2416810989,Low,Running,Medium,Low,2157,1740,21,8,15,-23,,,
21.2806415558,Low,Running,Medium,Low,,,,,,,0.7372475863,2.5991346836,0.4224145412
21.2868611813,Low,Running,Medium,Low,1995,1523,313,15,26,-19,,,
21.3313667774,Low,Running,Medium,Low,2214,1085,2141,19,44,-12,,,
21.3433942795,Low,Running,Medium,Low,,,,,,,0.7278054953,2.5213589668,0.4396979809
21.3813421726,Low,Running,Medium,Low,3557,1047,3460,26,74,-26,,,
21.4004666805,Low,Running,Medium,Low,,,,,,,0.6163583994,2.4283466339,0.4603674412
21.4215722084,Low,Running,Medium,Low,4385,368,3261,11,52,-36,,,
21.4665727615,Low,Running,Medium,Low,4204,160,1534,5,7,-41,,,
21.4674108028,Low,Running,Medium,Low,,,,,,,0.4116727412,2.3849694729,0.4700067639
21.5161957741,Low,Running,Medium,Low,967,679,-1445,-1,8,-43,,,
21.533028841,Low,Running,Medium,Low,,,,,,,0.4422797561,2.2435088158,0.501442492
21.5566384792,Low,Running,Medium,Low,-1056,1950,-3651,-1,6,11,,,
21.5987985134,Low,Running,Medium,Low,,,,,,,0.4442884326,2.1147992611,0.5300446153
21.6020777225,Low,Running,Medium,Low,-682,918,-3004,-27,62,7,,,
21.6471807957,Low,Running,Medium,Low,-823,2956,4321,-65,73,75,,,
21.6745736599,Low,Running,Medium,Low,,,,,,,0.4234136939,1.9872980118,0.5583782196
21.6958723068,Low,Running,Medium,Low,-939,5610,7904,-70,-15,112,,,
21.7369890213,Low,Running,Medium,Low,-863,3168,5887,-35,-52,119,,,
21.7433869839,Low,Running,Medium,Low,,,,,,,0.408968538,1.845898509,0.5898003578
21.7826087475,Low,Running,Medium,Low,1666,2084,1642,-38,-34,120,,,
21.8096146584,Low,Running,Medium,Low,,,,,,,0.4658587277,1.6942572594,0.6234983802
21.8269007206,Low,Running,Medium,Low,1685,1474,-3094,-26,-38,76,,,
21.8732426167,Low,Running,Medium,Low,371,-1047,-7897,9,-7,26,,,
21.8838968277,Low,Running,Medium,Low,,,,,,,0.5348681211,1.4300601482,0.6822088957
21.9215159416,Low,Running,Medium,Low,1775,-214,-9382,10,40,-24,,,
21.9515383244,Low,Running,Medium,Low,,,,,,,0.5199193954,1.2395980358,0.7245337963
21.9620997906,Low,Running,Medium,Low,686,1239,-3088,9,22,-9,,,
22.0073802471,Low,Running,Medium,Low,952,-2855,4828,26,22,-45,,,
22.021115303,Low,Running,Medium,Low,,,,,,,0.4888816476,1.0772066116,0.7606207728
22.0525302887,Low,Running,Medium,Low,4393,-1299,7816,14,-84,-139,,,
22.086353302,Low,Running,Medium,Low,,,,,,,0.4445153773,0.9558205605,0.7875954509
22.1068797112,Low,Running,Medium,Low,-461,-2320,3013,5,-120,-114,,,
22.1431512833,Low,Running,Medium,Low,-3886,4728,-405,49,-86,52,,,
22.1567101479,Low,Running,Medium,Low,,,,,,,0.4339146018,0.8669357896,0.8073475957
22.1874160767,Low,Running,Medium,Low,-6830,5321,-5519,13,-98,109,,,
22.2191646099,Low,Running,Medium,Low,,,,,,,0.4172479808,0.7828114033,0.8260419369
22.2324442863,Low,Running,Medium,Low,-7211,2445,-9430,-25,26,114,,,
22.2785005569,Low,Running,Medium,Low,-6429,698,1337,9,117,45,,,
22.2867598534,Low,Running,Medium,Low,,,,,,,0.2582640946,0.6835109591,0.8481086493
22.3228261471,Low,Running,Medium,Low,-3224,2725,5851,1,-53,49,,,
22.3522491455,Low,Running,Medium,Low,,,,,,,0.196934551,0.5661519766,0.8741884232
22.3675608635,Low,Running,Medium,Low,-2039,1415,1342,-45,-1,75,,,
22.4123196602,Low,Running,Medium,Low,,,,,,,0.3000592291,0.5664481521,0.8741226196
22.4173042774,Low,Running,Medium,Low,-3147,2699,4631,-8,7,26,,,
22.458037138,Low,Running,Medium,Low,-76,2869,4597,-8,-57,-12,,,
22.4814066887,Low,Running,Medium,Low,,,,,,,0.3374069333,0.5866150856,0.8696410656
22.5028614998,Low,Running,Medium,High,1174,985,-333,-30,-76,-26,,,
22.5479705334,Low,Running,Medium,High,2410,-219,-8030,-40,-56,-45,,,
22.5531606674,Low,Running,Medium,High,,,,,,,0.4255656004,0.5416015387,0.8796440959
22.5947992802,Low,Running,Medium,High,510,-1505,-11895,-46,29,-42,,,
22.6135530472,Low,Running,Medium,High,,,,,,,0.540692389,0.5243122578,0.8834861517
22.6397514343,Low,Running,Medium,High,-3861,-3880,-1063,17,127,-58,,,
22.6802487373,Low,Running,Medium,High,,,,,,,0.6296128631,0.4963501394,0.8896999359
22.683390379,Low,Running,Medium,High,-2897,-3159,4973,3,-29,-115,,,
22.7321381569,Low,Running,Medium,High,-1216,-2499,-1618,2,4,-83,,,
22.7376918793,Low,Running,Medium,High,,,,,,,0,0,0
22.7783041,Low,Running,Medium,High,-647,-1193,-1475,-6,38,-63,,,
22.7943422794,Low,Running,Medium,High,,,,,,,0,0,0
22.8184165955,Low,Running,Medium,High,268,761,1195,5,3,-82,,,
22.8399915695,Low,Running,Medium,High,,,,,,,0,0,0
22.8631944656,Low,Running,Medium,High,1007,503,285,12,-34,-55,,,
22.8953471184,Low,Running,Medium,High,,,,,,,0,0,0
22.908929348,Low,Running,Medium,High,1053,437,-2952,16,-16,-34,,,
22.9341881275,Low,Running,Medium,High,,,,,,,0,0,0
22.9544284344,Low,Running,Medium,High,1946,-277,-3036,3,-28,-37,,,
22.9941775799,Low,Running,Medium,High,,,,,,,0,0,0
22.9985020161,Low,Running,Medium,High,2168,-759,-124,-14,-19,-11,,,
23.0346648693,Low,Running,Medium,High,,,,,,,0,0,0
23.0440511703,Low,Running,Medium,High,-2028,-3020,3696,-28,-35,-14,,,
23.0893127918,Low,Running,Medium,High,-3766,-1447,2258,-9,2,-26,,,
23.0936164856,Low,Running,Medium,High,,,,,,,0,0,0
23.1337449551,Low,Running,Medium,High,-2094,-940,2584,-2,9,-62,,,
23.1377193928,Low,Running,Medium,High,,,,,,,0.750513494,0.4852333069,0.8921703696
23.1788315773,Low,Running,Medium,High,-891,-2241,1973,-21,5,-53,,,
23.199311018,Low,Running,Medium,High,,,,,,,0.8689331412,0.494930774,0.8900153637
23.2277884483,Low,Running,Medium,High,-57,-2027,1909,-23,6,-66,,,
23.2687058449,Low,Running,Medium,High,849,-1604,422,-21,-1,-85,,,
23.2737019062,Low,Running,Medium,High,,,,,,,0.7794162631,0.4849849641,0.8922255635
23.3182239532,Low,Running,Medium,High,946,-1022,-1841,-23,3,-90,,,
23.3549356461,Low,Running,Medium,High,,,,,,,0.6982720494,0.5131470561,0.8859673142
23.3589601517,Low,Running,Medium,High,1212,-472,-2107,-23,2,-85,,,
23.4047453403,Low,Running,Medium,High,951,-662,-898,-20,-17,-86,,,
23.4264266491,Low,Running,Medium,High,,,,,,,0.6472951174,0.4860062003,0.8919986486
23.4496376514,Low,Running,Medium,High,718,645,1018,-9,-20,-58,,,
23.4907662869,Low,Running,Medium,High,,,,,,,0.559871614,0.5638979077,0.8746893406
23.4940617085,Low,Running,Medium,High,391,-526,2768,7,4,-55,,,
23.5414390564,Low,Running,Medium,High,-390,-2440,2335,11,-15,-59,,,
23.5649912357,Low,Running,Medium,High,,,,,,,0.5061702132,0.5583690405,0.8759179711
23.584594965,Low,Running,Medium,High,-1862,-1952,461,5,17,-21,,,
23.6291515827,Low,Running,Medium,High,-385,-2958,452,-3,30,-15,,,
23.6510322094,Low,Running,Medium,High,,,,,,,0.5258767605,0.5470048189,0.8784433603
23.6746389866,Low,Running,Medium,High,1104,-4416,698,-5,8,-46,,,
23.7176773548,Low,Running,Medium,High,,,,,,,0.6693852544,0.4888157547,0.89137429
23.7194788456,Low,Running,Medium,High,1311,-4367,25,-12,-3,-40,,,
23.7675619125,Low,Running,Medium,High,,,,,,,0.6693852544,0.0601041839,0.9866434932
23.7683851719,Low,Running,Medium,High,1124,-3216,-422,-10,6,-36,,,
23.8108246326,Low,Running,Medium,High,998,-2299,-343,-7,15,-24,,,
23.8325529099,Low,Running,Medium,High,,,,,,,0.6855691671,0.6150240302,0.86332798
23.8544974327,Low,Running,Medium,High,1763,-3013,322,-3,9,-28,,,
23.8987047672,Low,Running,Medium,High,,,,,,,0.2826086879,0.5347602367,0.881164372
23.8995108604,Low,Running,Medium,High,1877,-3484,561,-4,4,-8,,,
23.9455986023,Low,Running,Medium,High,1539,-2827,0,2,12,-2,,,
23.9607698917,Low,Running,Medium,High,,,,,,,0,0,0
23.9897060394,Low,Running,Medium,High,1875,-3184,849,10,24,-5,,,
